{
    "dashboards": [
        {
            "__Dashboard__": {
                "css": "",
                "dashboard_title": "Motor Dashboard Pr\u00e4sentation",
                "description": null,
                "json_metadata": "{\"timed_refresh_immune_slices\": [], \"filter_scopes\": {\"1272\": {\"location\": {\"scope\": [\"ROOT_ID\"], \"immune\": []}, \"__time_range\": {\"scope\": [\"ROOT_ID\"], \"immune\": []}}, \"1274\": {\"deviceId\": {\"scope\": [\"ROOT_ID\"], \"immune\": []}}}, \"expanded_slices\": {}, \"refresh_frequency\": 0, \"default_filters\": \"{\\\"1272\\\": {\\\"__time_range\\\": \\\"DATEADD(DATETIME(\\\\\\\"now\\\\\\\"), -2, hour) : now\\\"}}\", \"color_scheme\": null, \"remote_id\": 49}",
                "position_json": "{\"CHART-EH8dTdZcnS\":{\"children\":[],\"id\":\"CHART-EH8dTdZcnS\",\"meta\":{\"chartId\":1272,\"height\":50,\"sliceName\":\"Location filter\",\"uuid\":\"5f70e033-7028-4505-bab1-083b000237dc\",\"width\":4},\"parents\":[\"ROOT_ID\",\"GRID_ID\",\"ROW-Oc0i-wTv-y\",\"COLUMN-LdAvx4RMPJ\"],\"type\":\"CHART\"},\"CHART-U019_q0zdk\":{\"children\":[],\"id\":\"CHART-U019_q0zdk\",\"meta\":{\"chartId\":1275,\"height\":50,\"sliceName\":\"Voltage MIN [V]\",\"uuid\":\"7e2ff8a7-2ba5-4752-8c7a-f71eab063edd\",\"width\":4},\"parents\":[\"ROOT_ID\",\"GRID_ID\",\"ROW-Kl2NceVmf6\"],\"type\":\"CHART\"},\"CHART-U4RdFO6RK1\":{\"children\":[],\"id\":\"CHART-U4RdFO6RK1\",\"meta\":{\"chartId\":1278,\"height\":75,\"sliceName\":\"Temperatur Overview [\\u00b0C]\",\"uuid\":\"d0988b1c-a613-462f-a109-3576a8ac0e1c\",\"width\":12},\"parents\":[\"ROOT_ID\",\"GRID_ID\",\"ROW-rlxYiuQIm\"],\"type\":\"CHART\"},\"CHART-VAyfnq__4N\":{\"children\":[],\"id\":\"CHART-VAyfnq__4N\",\"meta\":{\"chartId\":1273,\"height\":50,\"sliceName\":\"Temperatur MAX [\\u00b0C]\",\"uuid\":\"4c044d16-6b43-460b-86d6-34f4955f141e\",\"width\":4},\"parents\":[\"ROOT_ID\",\"GRID_ID\",\"ROW-Kl2NceVmf6\"],\"type\":\"CHART\"},\"CHART-uXHgz3eFcI\":{\"children\":[],\"id\":\"CHART-uXHgz3eFcI\",\"meta\":{\"chartId\":1277,\"height\":50,\"sliceName\":\"In Operation Ratio\",\"uuid\":\"bd9cee03-f392-422f-ba04-838e5edbf631\",\"width\":4},\"parents\":[\"ROOT_ID\",\"GRID_ID\",\"ROW-Kl2NceVmf6\"],\"type\":\"CHART\"},\"CHART-xIU8mCnnGc\":{\"children\":[],\"id\":\"CHART-xIU8mCnnGc\",\"meta\":{\"chartId\":1274,\"height\":50,\"sliceName\":\"Filter DeviceId\",\"uuid\":\"272917ce-26a3-48eb-b678-87f74e6b6dd9\",\"width\":4},\"parents\":[\"ROOT_ID\",\"GRID_ID\",\"ROW-Oc0i-wTv-y\"],\"type\":\"CHART\"},\"CHART-zYBeyZHxKK\":{\"children\":[],\"id\":\"CHART-zYBeyZHxKK\",\"meta\":{\"chartId\":1279,\"height\":50,\"sliceName\":\"Hallen Overview\",\"uuid\":\"91e1e2a5-075c-4dff-8610-2e4b7e010969\",\"width\":4},\"parents\":[\"ROOT_ID\",\"GRID_ID\",\"ROW-Oc0i-wTv-y\"],\"type\":\"CHART\"},\"COLUMN-LdAvx4RMPJ\":{\"children\":[\"CHART-EH8dTdZcnS\"],\"id\":\"COLUMN-LdAvx4RMPJ\",\"meta\":{\"background\":\"BACKGROUND_TRANSPARENT\",\"width\":4},\"parents\":[\"ROOT_ID\",\"GRID_ID\",\"ROW-Oc0i-wTv-y\"],\"type\":\"COLUMN\"},\"DASHBOARD_VERSION_KEY\":\"v2\",\"DIVIDER-kH5Pz0yMKd\":{\"children\":[],\"id\":\"DIVIDER-kH5Pz0yMKd\",\"meta\":{},\"parents\":[\"ROOT_ID\",\"GRID_ID\"],\"type\":\"DIVIDER\"},\"GRID_ID\":{\"children\":[\"ROW-YavNE7vsay\",\"HEADER-bOoP5G1WJu\",\"ROW-Oc0i-wTv-y\",\"DIVIDER-kH5Pz0yMKd\",\"ROW-Kl2NceVmf6\",\"ROW-rlxYiuQIm\"],\"id\":\"GRID_ID\",\"parents\":[\"ROOT_ID\"],\"type\":\"GRID\"},\"HEADER-bOoP5G1WJu\":{\"children\":[],\"id\":\"HEADER-bOoP5G1WJu\",\"meta\":{\"background\":\"BACKGROUND_TRANSPARENT\",\"headerSize\":\"MEDIUM_HEADER\",\"text\":\"Filter Area\"},\"parents\":[\"ROOT_ID\",\"GRID_ID\"],\"type\":\"HEADER\"},\"HEADER_ID\":{\"id\":\"HEADER_ID\",\"meta\":{\"text\":\"Motor Dashboard Pr\\u00e4sentation\"},\"type\":\"HEADER\"},\"MARKDOWN-fl9L1ooc9U\":{\"children\":[],\"id\":\"MARKDOWN-fl9L1ooc9U\",\"meta\":{\"code\":\"![alt text](https://github.com/Oliviero50/BigDataLabWorks/raw/master/project/c24522a72cc941d5af512818b74dcccd.png)\\n\\n# Motor Monitoring At Scale\",\"height\":36,\"width\":12},\"parents\":[\"ROOT_ID\",\"GRID_ID\",\"ROW-YavNE7vsay\"],\"type\":\"MARKDOWN\"},\"ROOT_ID\":{\"children\":[\"GRID_ID\"],\"id\":\"ROOT_ID\",\"type\":\"ROOT\"},\"ROW-Kl2NceVmf6\":{\"children\":[\"CHART-VAyfnq__4N\",\"CHART-U019_q0zdk\",\"CHART-uXHgz3eFcI\"],\"id\":\"ROW-Kl2NceVmf6\",\"meta\":{\"0\":\"ROOT_ID\",\"background\":\"BACKGROUND_TRANSPARENT\"},\"parents\":[\"ROOT_ID\",\"GRID_ID\"],\"type\":\"ROW\"},\"ROW-Oc0i-wTv-y\":{\"children\":[\"COLUMN-LdAvx4RMPJ\",\"CHART-xIU8mCnnGc\",\"CHART-zYBeyZHxKK\"],\"id\":\"ROW-Oc0i-wTv-y\",\"meta\":{\"0\":\"ROOT_ID\",\"background\":\"BACKGROUND_TRANSPARENT\"},\"parents\":[\"ROOT_ID\",\"GRID_ID\"],\"type\":\"ROW\"},\"ROW-YavNE7vsay\":{\"children\":[\"MARKDOWN-fl9L1ooc9U\"],\"id\":\"ROW-YavNE7vsay\",\"meta\":{\"background\":\"BACKGROUND_TRANSPARENT\"},\"parents\":[\"ROOT_ID\",\"GRID_ID\"],\"type\":\"ROW\"},\"ROW-rlxYiuQIm\":{\"children\":[\"CHART-U4RdFO6RK1\"],\"id\":\"ROW-rlxYiuQIm\",\"meta\":{\"background\":\"BACKGROUND_TRANSPARENT\"},\"parents\":[\"ROOT_ID\",\"GRID_ID\"],\"type\":\"ROW\"}}",
                "slices": [
                    {
                        "__Slice__": {
                            "cache_timeout": null,
                            "datasource_name": "druid.motor_test_detail",
                            "datasource_type": "table",
                            "id": 1275,
                            "params": "{\"adhoc_filters\": [], \"color_picker\": {\"a\": 1, \"b\": 135, \"g\": 122, \"r\": 0}, \"datasource\": \"32__table\", \"extra_form_data\": {}, \"granularity_sqla\": \"__time\", \"header_font_size\": 0.4, \"metric\": {\"aggregate\": \"MIN\", \"column\": {\"column_name\": \"fields.DCVOLTAGE\", \"description\": null, \"expression\": null, \"filterable\": true, \"groupby\": true, \"id\": 811, \"is_dttm\": false, \"python_date_format\": null, \"type\": \"FLOAT\", \"type_generic\": 0, \"verbose_name\": null}, \"expressionType\": \"SIMPLE\", \"hasCustomLabel\": false, \"isNew\": false, \"label\": \"MIN(fields.DCVOLTAGE)\", \"optionName\": \"metric_2xk5zpp8j75_uqctfu7uhc\", \"sqlExpression\": null}, \"rolling_type\": \"None\", \"show_trend_line\": true, \"slice_id\": 1275, \"start_y_axis_at_zero\": true, \"subheader_font_size\": 0.15, \"time_grain_sqla\": \"PT1H\", \"time_range\": \"No filter\", \"time_range_endpoints\": [\"inclusive\", \"exclusive\"], \"url_params\": {}, \"viz_type\": \"big_number\", \"y_axis_format\": \"SMART_NUMBER\", \"remote_id\": 1275, \"datasource_name\": \"motor_test_detail\", \"schema\": \"druid\", \"database_name\": \"Druid4_motor_test_detail_with_location\"}",
                            "slice_name": "Voltage MIN [V]",
                            "viz_type": "big_number"
                        }
                    },
                    {
                        "__Slice__": {
                            "cache_timeout": null,
                            "datasource_name": "druid.motor_test_detail",
                            "datasource_type": "table",
                            "id": 1277,
                            "params": "{\"adhoc_filters\": [], \"color_scheme\": \"presetColors\", \"datasource\": \"32__table\", \"date_format\": \"smart_date\", \"extra_form_data\": {}, \"granularity_sqla\": \"__time\", \"groupby\": [\"state_message\"], \"innerRadius\": 30, \"label_type\": \"key\", \"labels_outside\": true, \"legendOrientation\": \"top\", \"legendType\": \"scroll\", \"metric\": \"count\", \"number_format\": \"SMART_NUMBER\", \"outerRadius\": 70, \"row_limit\": 10000, \"show_labels\": true, \"show_labels_threshold\": 5, \"slice_id\": 1277, \"sort_by_metric\": true, \"time_range\": \"Last month\", \"time_range_endpoints\": [\"inclusive\", \"exclusive\"], \"url_params\": {}, \"viz_type\": \"pie\", \"remote_id\": 1277, \"datasource_name\": \"motor_test_detail\", \"schema\": \"druid\", \"database_name\": \"Druid4_motor_test_detail_with_location\"}",
                            "slice_name": "In Operation Ratio",
                            "viz_type": "pie"
                        }
                    },
                    {
                        "__Slice__": {
                            "cache_timeout": null,
                            "datasource_name": "druid.motor_test_detail",
                            "datasource_type": "table",
                            "id": 1278,
                            "params": "{\"adhoc_filters\": [], \"annotation_layers\": [], \"bottom_margin\": \"auto\", \"color_scheme\": \"supersetColors\", \"comparison_type\": \"values\", \"datasource\": \"32__table\", \"extra_form_data\": {}, \"granularity_sqla\": \"__time\", \"groupby\": [\"deviceId\"], \"label_colors\": {}, \"left_margin\": \"auto\", \"limit\": 100, \"line_interpolation\": \"linear\", \"metrics\": [{\"aggregate\": \"MAX\", \"column\": {\"column_name\": \"fields.PSACTTEMP\", \"description\": null, \"expression\": null, \"filterable\": true, \"groupby\": true, \"id\": 814, \"is_dttm\": false, \"python_date_format\": null, \"type\": \"FLOAT\", \"type_generic\": 0, \"verbose_name\": null}, \"expressionType\": \"SIMPLE\", \"hasCustomLabel\": false, \"isNew\": false, \"label\": \"MAX(fields.PSACTTEMP)\", \"optionName\": \"metric_hvi96xnrwha_t8n1v94a9b\", \"sqlExpression\": null}], \"order_desc\": true, \"rich_tooltip\": true, \"rolling_type\": \"None\", \"row_limit\": 50000, \"show_brush\": \"auto\", \"slice_id\": 1278, \"time_grain_sqla\": \"PT1M\", \"time_range\": \"DATEADD(DATETIME(\\\"now\\\"), -2, hour) : now\", \"time_range_endpoints\": [\"inclusive\", \"exclusive\"], \"url_params\": {}, \"viz_type\": \"line\", \"x_axis_format\": \"smart_date\", \"x_ticks_layout\": \"auto\", \"y_axis_bounds\": [null, 60], \"y_axis_format\": \"SMART_NUMBER\", \"y_axis_label\": \"Temperatur [\\u00b0C]\", \"y_axis_showminmax\": false, \"remote_id\": 1278, \"datasource_name\": \"motor_test_detail\", \"schema\": \"druid\", \"database_name\": \"Druid4_motor_test_detail_with_location\"}",
                            "slice_name": "Temperatur Overview [\u00b0C]",
                            "viz_type": "line"
                        }
                    },
                    {
                        "__Slice__": {
                            "cache_timeout": null,
                            "datasource_name": "druid.motor_test_detail",
                            "datasource_type": "table",
                            "id": 1272,
                            "params": "{\"adhoc_filters\": [], \"datasource\": \"32__table\", \"date_filter\": true, \"extra_form_data\": {}, \"filter_configs\": [{\"asc\": true, \"clearable\": true, \"column\": \"location\", \"key\": \"gjyVISPq9\", \"multiple\": false, \"searchAllOptions\": false}], \"granularity_sqla\": \"__time\", \"instant_filtering\": true, \"slice_id\": 1272, \"time_grain_sqla\": null, \"time_range\": \"No filter\", \"time_range_endpoints\": [\"inclusive\", \"exclusive\"], \"url_params\": {}, \"viz_type\": \"filter_box\", \"remote_id\": 1272, \"datasource_name\": \"motor_test_detail\", \"schema\": \"druid\", \"database_name\": \"Druid4_motor_test_detail_with_location\"}",
                            "slice_name": "Location filter",
                            "viz_type": "filter_box"
                        }
                    },
                    {
                        "__Slice__": {
                            "cache_timeout": null,
                            "datasource_name": "druid.motor_test_detail",
                            "datasource_type": "table",
                            "id": 1273,
                            "params": "{\"adhoc_filters\": [], \"color_picker\": {\"a\": 1, \"b\": 135, \"g\": 122, \"r\": 0}, \"compare_lag\": 3, \"compare_suffix\": \"\", \"datasource\": \"32__table\", \"extra_form_data\": {}, \"granularity_sqla\": \"__time\", \"header_font_size\": 0.4, \"metric\": {\"aggregate\": \"MAX\", \"column\": {\"column_name\": \"fields.PSACTTEMP\", \"description\": null, \"expression\": null, \"filterable\": true, \"groupby\": true, \"id\": 814, \"is_dttm\": false, \"python_date_format\": null, \"type\": \"FLOAT\", \"type_generic\": 0, \"verbose_name\": null}, \"expressionType\": \"SIMPLE\", \"hasCustomLabel\": false, \"isNew\": false, \"label\": \"MAX(fields.PSACTTEMP)\", \"optionName\": \"metric_xeribcpmxvg_mlet0yps22\", \"sqlExpression\": null}, \"rolling_type\": \"None\", \"show_trend_line\": true, \"slice_id\": 1273, \"start_y_axis_at_zero\": true, \"subheader_font_size\": 0.15, \"time_grain_sqla\": \"PT5M\", \"time_range\": \"DATEADD(DATETIME(\\\"now\\\"), -30, minute) : now\", \"time_range_endpoints\": [\"inclusive\", \"exclusive\"], \"url_params\": {}, \"viz_type\": \"big_number\", \"y_axis_format\": \"SMART_NUMBER\", \"remote_id\": 1273, \"datasource_name\": \"motor_test_detail\", \"schema\": \"druid\", \"database_name\": \"Druid4_motor_test_detail_with_location\"}",
                            "slice_name": "Temperatur MAX [\u00b0C]",
                            "viz_type": "big_number"
                        }
                    },
                    {
                        "__Slice__": {
                            "cache_timeout": null,
                            "datasource_name": "druid.motor_test_detail",
                            "datasource_type": "table",
                            "id": 1274,
                            "params": "{\"adhoc_filters\": [], \"datasource\": \"32__table\", \"date_filter\": false, \"extra_form_data\": {}, \"filter_configs\": [{\"asc\": true, \"clearable\": true, \"column\": \"deviceId\", \"key\": \"daxWbV8Fa\", \"multiple\": false, \"searchAllOptions\": false}], \"granularity_sqla\": \"__time\", \"instant_filtering\": true, \"slice_id\": 1274, \"time_grain_sqla\": \"PT1H\", \"time_range\": \"Last month\", \"time_range_endpoints\": [\"inclusive\", \"exclusive\"], \"url_params\": {}, \"viz_type\": \"filter_box\", \"remote_id\": 1274, \"datasource_name\": \"motor_test_detail\", \"schema\": \"druid\", \"database_name\": \"Druid4_motor_test_detail_with_location\"}",
                            "slice_name": "Filter DeviceId",
                            "viz_type": "filter_box"
                        }
                    },
                    {
                        "__Slice__": {
                            "cache_timeout": null,
                            "datasource_name": "druid.motor_test_detail",
                            "datasource_type": "table",
                            "id": 1279,
                            "params": "{\"adhoc_filters\": [], \"bar_stacked\": false, \"bottom_margin\": \"auto\", \"color_scheme\": \"supersetColors\", \"columns\": [], \"datasource\": \"32__table\", \"extra_form_data\": {}, \"granularity_sqla\": \"__time\", \"groupby\": [\"location\"], \"label_colors\": {}, \"metrics\": [{\"aggregate\": \"MAX\", \"column\": {\"column_name\": \"fields.PSACTTEMP\", \"description\": null, \"expression\": null, \"filterable\": true, \"groupby\": true, \"id\": 814, \"is_dttm\": false, \"python_date_format\": null, \"type\": \"FLOAT\", \"type_generic\": 0, \"verbose_name\": null}, \"expressionType\": \"SIMPLE\", \"hasCustomLabel\": false, \"isNew\": false, \"label\": \"MAX(fields.PSACTTEMP)\", \"optionName\": \"metric_peu0iqtflnk_i31oh5izrx\", \"sqlExpression\": null}, {\"aggregate\": \"MIN\", \"column\": {\"column_name\": \"fields.DCVOLTAGE\", \"description\": null, \"expression\": null, \"filterable\": true, \"groupby\": true, \"id\": 811, \"is_dttm\": false, \"python_date_format\": null, \"type\": \"FLOAT\", \"type_generic\": 0, \"verbose_name\": null}, \"expressionType\": \"SIMPLE\", \"hasCustomLabel\": false, \"isNew\": false, \"label\": \"MIN(fields.DCVOLTAGE)\", \"optionName\": \"metric_p1515v3btve_mhn07exqpt\", \"sqlExpression\": null}], \"order_bars\": false, \"order_desc\": true, \"row_limit\": 10000, \"show_bar_value\": true, \"show_controls\": false, \"slice_id\": 1279, \"time_range\": \"Last month\", \"time_range_endpoints\": [\"inclusive\", \"exclusive\"], \"url_params\": {}, \"viz_type\": \"dist_bar\", \"x_ticks_layout\": \"auto\", \"y_axis_bounds\": [10, 60], \"y_axis_format\": \"SMART_NUMBER\", \"remote_id\": 1279, \"datasource_name\": \"motor_test_detail\", \"schema\": \"druid\", \"database_name\": \"Druid4_motor_test_detail_with_location\"}",
                            "slice_name": "Hallen Overview",
                            "viz_type": "dist_bar"
                        }
                    }
                ],
                "slug": null
            }
        }
    ],
    "datasources": [
        {
            "__SqlaTable__": {
                "cache_timeout": null,
                "columns": [
                    {
                        "__TableColumn__": {
                            "changed_by_fk": 1,
                            "changed_on": {
                                "__datetime__": "2021-06-04T08:56:26"
                            },
                            "column_name": "__time",
                            "created_by_fk": 1,
                            "created_on": {
                                "__datetime__": "2021-06-04T08:56:26"
                            },
                            "description": null,
                            "expression": null,
                            "filterable": true,
                            "groupby": true,
                            "id": 809,
                            "is_active": true,
                            "is_dttm": true,
                            "python_date_format": null,
                            "table_id": 32,
                            "type": "LONG",
                            "uuid": "9884cad8-4fe4-49cd-b2c3-5d1ce95f535e",
                            "verbose_name": null
                        }
                    },
                    {
                        "__TableColumn__": {
                            "changed_by_fk": 1,
                            "changed_on": {
                                "__datetime__": "2021-06-04T08:56:26"
                            },
                            "column_name": "deviceId",
                            "created_by_fk": 1,
                            "created_on": {
                                "__datetime__": "2021-06-04T08:56:26"
                            },
                            "description": null,
                            "expression": null,
                            "filterable": true,
                            "groupby": true,
                            "id": 810,
                            "is_active": true,
                            "is_dttm": false,
                            "python_date_format": null,
                            "table_id": 32,
                            "type": "STRING",
                            "uuid": "2a48423d-806f-47b3-a398-944d3e03dcf2",
                            "verbose_name": null
                        }
                    },
                    {
                        "__TableColumn__": {
                            "changed_by_fk": 1,
                            "changed_on": {
                                "__datetime__": "2021-06-04T08:56:26"
                            },
                            "column_name": "fields.DCVOLTAGE",
                            "created_by_fk": 1,
                            "created_on": {
                                "__datetime__": "2021-06-04T08:56:26"
                            },
                            "description": null,
                            "expression": null,
                            "filterable": true,
                            "groupby": true,
                            "id": 811,
                            "is_active": true,
                            "is_dttm": false,
                            "python_date_format": null,
                            "table_id": 32,
                            "type": "FLOAT",
                            "uuid": "a2d73bf0-fa90-4d75-9601-eda4ded11622",
                            "verbose_name": null
                        }
                    },
                    {
                        "__TableColumn__": {
                            "changed_by_fk": 1,
                            "changed_on": {
                                "__datetime__": "2021-06-04T08:56:26"
                            },
                            "column_name": "fields.OUTPUTPOSITIONREF",
                            "created_by_fk": 1,
                            "created_on": {
                                "__datetime__": "2021-06-04T08:56:26"
                            },
                            "description": null,
                            "expression": null,
                            "filterable": true,
                            "groupby": true,
                            "id": 812,
                            "is_active": true,
                            "is_dttm": false,
                            "python_date_format": null,
                            "table_id": 32,
                            "type": "LONG",
                            "uuid": "573ee478-03f1-485c-8d88-46f3598057df",
                            "verbose_name": null
                        }
                    },
                    {
                        "__TableColumn__": {
                            "changed_by_fk": 1,
                            "changed_on": {
                                "__datetime__": "2021-06-04T08:56:26"
                            },
                            "column_name": "fields.OUTPUTVELOCITYREF",
                            "created_by_fk": 1,
                            "created_on": {
                                "__datetime__": "2021-06-04T08:56:26"
                            },
                            "description": null,
                            "expression": null,
                            "filterable": true,
                            "groupby": true,
                            "id": 813,
                            "is_active": true,
                            "is_dttm": false,
                            "python_date_format": null,
                            "table_id": 32,
                            "type": "LONG",
                            "uuid": "606320ed-f358-44c6-9894-ce7a46d7ba23",
                            "verbose_name": null
                        }
                    },
                    {
                        "__TableColumn__": {
                            "changed_by_fk": 1,
                            "changed_on": {
                                "__datetime__": "2021-06-04T08:56:26"
                            },
                            "column_name": "fields.PSACTTEMP",
                            "created_by_fk": 1,
                            "created_on": {
                                "__datetime__": "2021-06-04T08:56:26"
                            },
                            "description": null,
                            "expression": null,
                            "filterable": true,
                            "groupby": true,
                            "id": 814,
                            "is_active": true,
                            "is_dttm": false,
                            "python_date_format": null,
                            "table_id": 32,
                            "type": "FLOAT",
                            "uuid": "5c9bad04-fd7b-4ab6-ab68-377ae84fbfdd",
                            "verbose_name": null
                        }
                    },
                    {
                        "__TableColumn__": {
                            "changed_by_fk": 1,
                            "changed_on": {
                                "__datetime__": "2021-06-04T08:56:26"
                            },
                            "column_name": "fields.STATE",
                            "created_by_fk": 1,
                            "created_on": {
                                "__datetime__": "2021-06-04T08:56:26"
                            },
                            "description": null,
                            "expression": null,
                            "filterable": true,
                            "groupby": true,
                            "id": 815,
                            "is_active": true,
                            "is_dttm": false,
                            "python_date_format": null,
                            "table_id": 32,
                            "type": "LONG",
                            "uuid": "7c154973-60a4-4e4d-9f39-d8e4eaf7ef03",
                            "verbose_name": null
                        }
                    },
                    {
                        "__TableColumn__": {
                            "changed_by_fk": 1,
                            "changed_on": {
                                "__datetime__": "2021-06-04T08:56:26"
                            },
                            "column_name": "fields.TORQUEMOTOR",
                            "created_by_fk": 1,
                            "created_on": {
                                "__datetime__": "2021-06-04T08:56:26"
                            },
                            "description": null,
                            "expression": null,
                            "filterable": true,
                            "groupby": true,
                            "id": 816,
                            "is_active": true,
                            "is_dttm": false,
                            "python_date_format": null,
                            "table_id": 32,
                            "type": "FLOAT",
                            "uuid": "b66ab902-2e36-4946-8486-94721fb2c85f",
                            "verbose_name": null
                        }
                    },
                    {
                        "__TableColumn__": {
                            "changed_by_fk": 1,
                            "changed_on": {
                                "__datetime__": "2021-06-04T08:56:26"
                            },
                            "column_name": "location",
                            "created_by_fk": 1,
                            "created_on": {
                                "__datetime__": "2021-06-04T08:56:26"
                            },
                            "description": null,
                            "expression": null,
                            "filterable": true,
                            "groupby": true,
                            "id": 817,
                            "is_active": true,
                            "is_dttm": false,
                            "python_date_format": null,
                            "table_id": 32,
                            "type": "STRING",
                            "uuid": "6d7a3f34-6e06-42e2-8790-af6016f992e2",
                            "verbose_name": null
                        }
                    },
                    {
                        "__TableColumn__": {
                            "changed_by_fk": 1,
                            "changed_on": {
                                "__datetime__": "2021-06-04T08:56:26"
                            },
                            "column_name": "messageType",
                            "created_by_fk": 1,
                            "created_on": {
                                "__datetime__": "2021-06-04T08:56:26"
                            },
                            "description": null,
                            "expression": null,
                            "filterable": true,
                            "groupby": true,
                            "id": 818,
                            "is_active": true,
                            "is_dttm": false,
                            "python_date_format": null,
                            "table_id": 32,
                            "type": "STRING",
                            "uuid": "a46933a9-84b4-45cb-bb04-366dd1821ac8",
                            "verbose_name": null
                        }
                    },
                    {
                        "__TableColumn__": {
                            "changed_by_fk": 1,
                            "changed_on": {
                                "__datetime__": "2021-06-04T08:56:26"
                            },
                            "column_name": "test_voltage_temperature",
                            "created_by_fk": 1,
                            "created_on": {
                                "__datetime__": "2021-06-04T08:56:26"
                            },
                            "description": null,
                            "expression": null,
                            "filterable": true,
                            "groupby": true,
                            "id": 819,
                            "is_active": true,
                            "is_dttm": false,
                            "python_date_format": null,
                            "table_id": 32,
                            "type": "FLOAT",
                            "uuid": "b9a71392-ffac-4032-9894-22c715b0aebc",
                            "verbose_name": null
                        }
                    },
                    {
                        "__TableColumn__": {
                            "changed_by_fk": 1,
                            "changed_on": {
                                "__datetime__": "2021-06-15T14:45:03"
                            },
                            "column_name": "state_message",
                            "created_by_fk": 1,
                            "created_on": {
                                "__datetime__": "2021-06-09T17:14:06"
                            },
                            "description": null,
                            "expression": "CASE WHEN\n\"fields.STATE\" = 131202 OR \"fields.STATE\" = 130 OR \"fields.STATE\" = 268566658\nTHEN 'running'\nELSE 'stopped'\nEND",
                            "filterable": true,
                            "groupby": true,
                            "id": 821,
                            "is_active": true,
                            "is_dttm": false,
                            "python_date_format": null,
                            "table_id": 32,
                            "type": "STRING",
                            "uuid": "6676d419-2344-4081-ab11-1ff7df9c2c2d",
                            "verbose_name": null
                        }
                    },
                    {
                        "__TableColumn__": {
                            "changed_by_fk": 1,
                            "changed_on": {
                                "__datetime__": "2021-06-09T17:44:00"
                            },
                            "column_name": "temp_upper_limit",
                            "created_by_fk": 1,
                            "created_on": {
                                "__datetime__": "2021-06-09T17:44:00"
                            },
                            "description": null,
                            "expression": "SELECT 100 as lim_max\nFROM \"druid\".\"motor_test_detail\"\nlimit 1",
                            "filterable": true,
                            "groupby": true,
                            "id": 822,
                            "is_active": true,
                            "is_dttm": false,
                            "python_date_format": null,
                            "table_id": 32,
                            "type": "NUMERIC",
                            "uuid": "02997013-9269-43bb-acb7-3c15954acbe0",
                            "verbose_name": null
                        }
                    }
                ],
                "database_id": 5,
                "default_endpoint": null,
                "description": null,
                "extra": null,
                "fetch_values_predicate": null,
                "filter_select_enabled": false,
                "main_dttm_col": "__time",
                "metrics": [
                    {
                        "__SqlMetric__": {
                            "changed_by_fk": 1,
                            "changed_on": {
                                "__datetime__": "2021-06-09T17:13:08"
                            },
                            "created_by_fk": 1,
                            "created_on": {
                                "__datetime__": "2021-06-04T08:56:26"
                            },
                            "d3format": null,
                            "description": null,
                            "expression": "COUNT(*)",
                            "extra": "{}",
                            "id": 41,
                            "metric_name": "count",
                            "metric_type": "count",
                            "table_id": 32,
                            "uuid": "3a6ed818-5648-482b-993f-67eba71a4bf2",
                            "verbose_name": "COUNT(*)",
                            "warning_text": null
                        }
                    }
                ],
                "offset": 0,
                "params": "{\"remote_id\": 32, \"database_name\": \"Druid4_motor_test_detail_with_location\"}",
                "schema": "druid",
                "sql": "",
                "table_name": "motor_test_detail",
                "template_params": null
            }
        }
    ]
}